region,request_count_per_min,p95_latency_ms,failure_rate,health_score
APAC-East,1755.090909090909,245.54545454545453,0.02471818181818182,50.72727272727273
APAC-South,2639.181818181818,228.9090909090909,0.020254545454545456,56.85454545454546
EU-North,2405.909090909091,341.27272727272725,0.03016363636363636,35.70909090909092
EU-South,2398.181818181818,274.3636363636364,0.02652727272727273,46.03636363636363
EU-West,2684.909090909091,291.09090909090907,0.027136363636363636,43.75454545454545
LATAM-North,2696.3636363636365,234.0,0.026690909090909088,49.909090909090914
LATAM-South,2289.909090909091,249.27272727272728,0.024118181818181816,50.954545454545446
US-East,2820.7272727272725,292.09090909090907,0.027072727272727273,43.71818181818182
US-West,2048.3636363636365,315.90909090909093,0.025363636363636366,43.04545454545453
