customer_id,event_count,loyalty_tier
C00001,5,Bronze
C00002,1,Silver
C00003,2,Bronze
C00004,2,Bronze
C00005,6,Bronze
C00006,5,Silver
C00007,5,Bronze
C00008,1,Gold
C00009,4,Bronze
C00010,4,Bronze
C00011,5,Gold
C00012,5,Bronze
C00013,4,Silver
C00014,7,Bronze
C00015,3,Silver
C00016,3,Silver
C00017,12,Bronze
C00018,1,Gold
C00019,6,Bronze
C00020,8,Bronze
C00021,6,Silver
C00022,3,Gold
C00023,8,Silver
C00024,5,Bronze
C00025,7,Bronze
C00026,8,Bronze
C00027,5,Bronze
C00028,4,Silver
C00029,6,Gold
C00030,3,Silver
C00031,4,Silver
C00032,7,Bronze
C00033,7,Bronze
C00034,4,Silver
C00035,7,Gold
C00036,3,Bronze
C00037,5,Bronze
C00038,7,Silver
C00039,6,Silver
C00040,1,Silver
C00041,4,Bronze
C00042,4,Silver
C00043,10,Bronze
C00044,9,Bronze
C00045,4,Bronze
C00046,7,Bronze
C00047,4,Bronze
C00048,13,Silver
C00049,3,Bronze
C00050,6,Bronze
C00051,7,Silver
C00052,4,Gold
C00053,9,Bronze
C00054,7,Gold
C00055,3,Silver
C00056,7,Bronze
C00057,9,Gold
C00058,3,Bronze
C00059,3,Silver
C00060,3,Bronze
C00061,3,Bronze
C00062,2,Bronze
C00063,5,Bronze
C00064,5,Bronze
C00065,1,Gold
C00066,3,Silver
C00067,5,Bronze
C00068,6,Bronze
C00069,3,Bronze
C00070,2,Silver
C00071,6,Silver
C00072,3,Bronze
C00073,3,Bronze
C00074,3,Silver
C00075,7,Silver
C00076,6,Bronze
C00077,4,Bronze
C00078,4,Bronze
C00079,2,Silver
C00080,3,Bronze
C00081,7,Bronze
C00082,5,Gold
C00083,3,Silver
C00084,2,Silver
C00085,5,Bronze
C00086,3,Bronze
C00087,3,Silver
C00088,9,Bronze
C00089,6,Bronze
C00090,5,Bronze
C00091,4,Bronze
C00092,7,Bronze
C00093,7,Bronze
C00094,7,Bronze
C00095,4,Bronze
C00096,5,Silver
C00097,2,Bronze
C00098,2,Silver
C00099,3,Gold
C00100,3,Silver
C00101,6,Silver
C00102,3,Silver
C00103,5,Silver
C00104,2,Silver
C00105,6,Silver
C00106,8,Silver
C00107,6,Bronze
C00109,2,Silver
C00110,7,Bronze
C00111,5,Gold
C00112,4,Silver
C00113,11,Bronze
C00114,7,Bronze
C00115,4,Bronze
C00116,6,Silver
C00117,10,Silver
C00118,10,Silver
C00119,8,Bronze
C00120,3,Silver
C00121,4,Bronze
C00122,5,Bronze
C00123,5,Bronze
C00124,8,Bronze
C00125,4,Bronze
C00126,2,Silver
C00127,7,Gold
C00128,6,Silver
C00129,5,Bronze
C00130,5,Silver
C00131,3,Gold
C00132,4,Bronze
C00133,2,Bronze
C00134,5,Silver
C00135,6,Bronze
C00136,10,Silver
C00137,5,Bronze
C00138,3,Gold
C00139,3,Bronze
C00140,8,Gold
C00141,5,Bronze
C00142,6,Silver
C00143,4,Bronze
C00144,5,Bronze
C00145,12,Bronze
C00146,4,Silver
C00147,4,Silver
C00148,1,Gold
C00149,7,Silver
C00150,6,Bronze
C00151,6,Bronze
C00152,6,Bronze
C00153,2,Bronze
C00154,2,Silver
C00155,3,Bronze
C00156,3,Bronze
C00157,3,Bronze
C00158,8,Bronze
C00159,3,Silver
C00160,2,Silver
C00161,4,Bronze
C00162,5,Bronze
C00163,2,Silver
C00164,3,Bronze
C00165,6,Gold
C00166,5,Silver
C00167,5,Bronze
C00168,3,Bronze
C00169,6,Gold
C00170,6,Silver
C00171,6,Gold
C00172,8,Gold
C00173,6,Silver
C00174,5,Bronze
C00175,4,Gold
C00176,6,Bronze
C00177,3,Gold
C00178,1,Bronze
C00179,6,Bronze
C00180,6,Bronze
C00181,7,Bronze
C00183,2,Bronze
C00184,4,Silver
C00185,5,Silver
C00186,5,Bronze
C00187,8,Gold
C00188,8,Bronze
C00189,7,Bronze
C00190,8,Gold
C00191,11,Bronze
C00192,5,Bronze
C00193,4,Silver
C00194,8,Silver
C00195,4,Silver
C00196,7,Gold
C00197,8,Bronze
C00198,7,Silver
C00199,3,Bronze
C00200,8,Bronze
C00201,3,Bronze
C00202,6,Silver
C00203,6,Bronze
C00204,3,Bronze
C00205,8,Bronze
C00206,1,Bronze
C00207,2,Bronze
C00208,9,Bronze
C00209,2,Bronze
C00210,6,Bronze
C00211,5,Silver
C00212,3,Silver
C00213,9,Bronze
C00214,4,Bronze
C00215,1,Bronze
C00216,1,Silver
C00217,4,Bronze
C00218,11,Silver
C00219,4,Silver
C00220,2,Gold
C00221,6,Silver
C00222,7,Silver
C00223,5,Bronze
C00224,4,Bronze
C00225,4,Bronze
C00226,9,Silver
C00227,8,Silver
C00228,1,Bronze
C00229,5,Bronze
C00230,6,Bronze
C00231,5,Bronze
C00232,6,Silver
C00233,6,Bronze
C00234,3,Bronze
C00235,9,Gold
C00236,9,Silver
C00237,8,Silver
C00238,6,Silver
C00239,4,Bronze
C00240,3,Bronze
C00241,2,Bronze
C00242,3,Bronze
C00243,7,Gold
C00244,4,Bronze
C00245,5,Bronze
C00246,2,Bronze
C00247,5,Silver
C00248,9,Silver
C00249,3,Silver
C00250,4,Bronze
C00251,2,Bronze
C00252,4,Gold
C00253,8,Bronze
C00254,4,Silver
C00255,7,Gold
C00256,3,Bronze
C00257,5,Bronze
C00258,4,Gold
C00259,2,Silver
C00260,7,Bronze
C00261,7,Gold
C00262,2,Bronze
C00263,6,Silver
C00264,3,Silver
C00265,4,Bronze
C00266,4,Bronze
C00267,6,Bronze
C00268,4,Bronze
C00269,6,Silver
C00270,5,Gold
C00271,3,Silver
C00272,3,Bronze
C00273,14,Silver
C00274,5,Bronze
C00275,8,Silver
C00276,4,Bronze
C00277,4,Gold
C00278,8,Silver
C00279,3,Gold
C00280,8,Gold
C00281,7,Silver
C00282,5,Bronze
C00283,5,Bronze
C00284,2,Bronze
C00285,7,Gold
C00286,5,Bronze
C00287,8,Silver
C00288,5,Bronze
C00289,6,Gold
C00290,10,Bronze
C00291,1,Bronze
C00292,7,Bronze
C00293,6,Bronze
C00294,3,Silver
C00295,3,Bronze
C00296,3,Bronze
C00297,6,Bronze
C00298,5,Silver
C00299,6,Silver
C00300,6,Bronze
C00301,5,Silver
C00302,8,Bronze
C00303,9,Bronze
C00304,5,Silver
C00305,5,Gold
C00306,4,Silver
C00307,2,Bronze
C00308,2,Bronze
C00309,10,Silver
C00310,6,Bronze
C00311,5,Bronze
C00312,8,Silver
C00313,9,Bronze
C00314,5,Silver
C00315,6,Silver
C00316,5,Bronze
C00317,5,Bronze
C00318,7,Bronze
C00319,9,Bronze
C00320,4,Silver
C00321,5,Silver
C00322,7,Silver
C00323,5,Silver
C00324,4,Bronze
C00325,8,Bronze
C00326,5,Bronze
C00327,3,Silver
C00328,2,Silver
C00329,7,Bronze
C00330,4,Bronze
C00331,3,Bronze
C00332,6,Bronze
C00333,6,Silver
C00334,3,Silver
C00335,5,Silver
C00336,3,Bronze
C00337,4,Bronze
C00338,4,Gold
C00339,5,Silver
C00340,9,Bronze
C00341,3,Gold
C00342,3,Bronze
C00343,6,Silver
C00344,6,Gold
C00345,9,Silver
C00346,2,Silver
C00347,3,Silver
C00348,9,Silver
C00349,2,Bronze
C00350,7,Bronze
C00351,4,Bronze
C00352,7,Bronze
C00353,4,Gold
C00354,5,Gold
C00355,4,Bronze
C00356,5,Bronze
C00357,6,Silver
C00358,1,Gold
C00359,5,Bronze
C00360,3,Bronze
C00361,7,Gold
C00362,9,Bronze
C00363,3,Bronze
C00364,7,Bronze
C00365,4,Bronze
C00366,2,Gold
C00367,5,Bronze
C00368,5,Gold
C00369,6,Silver
C00370,6,Bronze
C00371,9,Silver
C00372,4,Silver
C00373,4,Gold
C00374,5,Bronze
C00375,3,Gold
C00376,5,Silver
C00377,5,Silver
C00378,5,Bronze
C00379,3,Silver
C00380,4,Bronze
C00381,4,Silver
C00382,3,Bronze
C00383,5,Silver
C00384,5,Silver
C00385,6,Bronze
C00386,5,Silver
C00387,4,Bronze
C00388,7,Gold
C00389,9,Silver
C00390,9,Silver
C00391,7,Bronze
C00392,2,Gold
C00393,6,Silver
C00394,4,Gold
C00395,6,Bronze
C00396,1,Silver
C00397,2,Gold
C00398,4,Silver
C00399,4,Silver
C00400,7,Gold
C00401,5,Bronze
C00402,6,Silver
C00403,1,Bronze
C00404,4,Bronze
C00405,5,Bronze
C00406,1,Bronze
C00407,3,Bronze
C00408,6,Bronze
C00409,3,Silver
C00410,1,Bronze
C00411,8,Bronze
C00412,3,Silver
C00413,2,Bronze
C00414,4,Bronze
C00415,9,Bronze
C00416,4,Bronze
C00417,7,Silver
C00418,6,Silver
C00419,3,Bronze
C00420,2,Silver
C00421,9,Bronze
C00422,4,Bronze
C00423,9,Silver
C00424,7,Bronze
C00425,8,Bronze
C00426,9,Bronze
C00427,10,Bronze
C00428,6,Gold
C00429,2,Gold
C00430,7,Silver
C00431,5,Gold
C00432,5,Bronze
C00433,8,Bronze
C00434,1,Silver
C00435,4,Silver
C00436,3,Silver
C00437,3,Silver
C00438,4,Bronze
C00439,5,Gold
C00440,8,Bronze
C00441,10,Bronze
C00442,8,Gold
C00443,5,Bronze
C00444,5,Gold
C00445,6,Bronze
C00446,2,Silver
C00447,6,Silver
C00448,6,Bronze
C00449,4,Silver
C00450,4,Silver
C00451,2,Silver
C00452,6,Bronze
C00453,4,Bronze
C00454,3,Bronze
C00455,2,Silver
C00456,6,Gold
C00457,7,Bronze
C00458,2,Silver
C00459,9,Silver
C00460,3,Silver
C00461,4,Silver
C00462,8,Bronze
C00463,5,Bronze
C00464,7,Silver
C00465,6,Bronze
C00466,5,Gold
C00467,3,Silver
C00468,6,Bronze
C00469,4,Bronze
C00470,4,Gold
C00471,7,Bronze
C00472,11,Bronze
C00473,9,Bronze
C00474,5,Silver
C00475,3,Silver
C00476,2,Bronze
C00477,5,Bronze
C00478,4,Silver
C00479,9,Bronze
C00480,6,Gold
C00481,5,Gold
C00482,6,Gold
C00483,5,Bronze
C00484,1,Bronze
C00485,3,Bronze
C00486,5,Silver
C00487,8,Bronze
C00488,6,Bronze
C00489,6,Bronze
C00490,12,Bronze
C00491,7,Silver
C00492,8,Bronze
C00493,3,Bronze
C00494,5,Silver
C00495,8,Bronze
C00496,6,Silver
C00497,4,Gold
C00498,8,Bronze
C00499,6,Bronze
C00500,3,Bronze
C00501,2,Bronze
C00502,4,Bronze
C00503,3,Bronze
C00504,10,Bronze
C00505,2,Bronze
C00506,3,Silver
C00507,2,Bronze
C00508,3,Bronze
C00509,6,Silver
C00510,6,Silver
C00511,4,Silver
C00512,4,Bronze
C00513,2,Bronze
C00514,8,Bronze
C00515,4,Silver
C00516,2,Bronze
C00517,3,Gold
C00518,8,Gold
C00519,5,Silver
C00520,5,Gold
C00521,3,Gold
C00522,5,Silver
C00523,2,Gold
C00524,5,Bronze
C00525,5,Silver
C00526,6,Silver
C00527,8,Bronze
C00528,3,Bronze
C00529,6,Gold
C00530,3,Bronze
C00531,3,Silver
C00532,6,Bronze
C00533,1,Bronze
C00534,5,Bronze
C00535,8,Silver
C00536,8,Silver
C00537,2,Silver
C00538,3,Bronze
C00539,6,Bronze
C00540,1,Silver
C00541,1,Bronze
C00542,7,Silver
C00543,8,Silver
C00544,4,Gold
C00545,7,Bronze
C00546,3,Bronze
C00547,4,Bronze
C00548,5,Silver
C00549,6,Silver
C00550,6,Bronze
C00551,8,Bronze
C00552,5,Bronze
C00553,4,Silver
C00554,6,Bronze
C00555,6,Silver
C00556,6,Gold
C00557,6,Bronze
C00558,3,Bronze
C00559,4,Gold
C00560,4,Gold
C00561,5,Bronze
C00562,4,Bronze
C00563,8,Silver
C00564,3,Gold
C00565,4,Bronze
C00566,6,Gold
C00567,4,Silver
C00568,2,Silver
C00569,7,Bronze
C00570,7,Bronze
C00571,10,Silver
C00572,10,Bronze
C00573,5,Bronze
C00574,5,Silver
C00575,3,Bronze
C00576,3,Silver
C00577,2,Bronze
C00578,5,Silver
C00579,8,Silver
C00580,4,Silver
C00581,7,Silver
C00582,4,Bronze
C00583,4,Bronze
C00584,6,Gold
C00585,5,Bronze
C00586,4,Silver
C00587,4,Silver
C00588,5,Bronze
C00589,4,Bronze
C00590,5,Bronze
C00591,2,Silver
C00592,4,Gold
C00593,3,Bronze
C00594,6,Bronze
C00595,3,Bronze
C00596,5,Silver
C00597,4,Bronze
C00598,3,Gold
C00599,6,Silver
C00600,8,Gold
C00601,2,Silver
C00602,2,Silver
C00603,5,Bronze
C00604,9,Gold
C00605,1,Bronze
C00606,5,Gold
C00607,3,Silver
C00608,7,Gold
C00609,5,Bronze
C00610,3,Silver
C00611,4,Gold
C00612,3,Silver
C00613,6,Silver
C00614,7,Silver
C00615,4,Bronze
C00616,8,Gold
C00617,5,Bronze
C00618,5,Bronze
C00619,5,Silver
C00620,6,Bronze
C00621,4,Bronze
C00622,5,Silver
C00623,6,Silver
C00624,14,Gold
C00625,4,Bronze
C00626,7,Bronze
C00627,2,Silver
C00628,4,Bronze
C00629,4,Silver
C00630,9,Bronze
C00631,4,Bronze
C00632,11,Silver
C00633,1,Bronze
C00634,3,Silver
C00635,3,Bronze
C00636,9,Bronze
C00637,2,Bronze
C00638,8,Bronze
C00639,5,Bronze
C00640,6,Bronze
C00641,7,Silver
C00642,4,Gold
C00643,8,Bronze
C00644,4,Silver
C00645,6,Silver
C00646,2,Silver
C00647,4,Silver
C00648,4,Silver
C00649,3,Gold
C00650,4,Bronze
C00651,5,Bronze
C00652,10,Gold
C00653,5,Bronze
C00654,2,Silver
C00655,3,Bronze
C00656,1,Silver
C00657,6,Bronze
C00658,1,Silver
C00659,6,Bronze
C00660,3,Bronze
C00661,3,Bronze
C00662,2,Silver
C00663,6,Silver
C00664,1,Silver
C00665,3,Gold
C00666,5,Bronze
C00667,11,Gold
C00668,7,Bronze
C00669,5,Bronze
C00670,4,Silver
C00671,4,Bronze
C00672,5,Silver
C00673,6,Bronze
C00674,1,Bronze
C00675,4,Bronze
C00676,6,Silver
C00677,5,Bronze
C00678,5,Bronze
C00679,5,Gold
C00680,6,Bronze
C00681,5,Silver
C00682,3,Bronze
C00683,5,Bronze
C00684,5,Bronze
C00685,5,Bronze
C00686,7,Silver
C00687,5,Silver
C00688,9,Bronze
C00689,4,Silver
C00690,7,Bronze
C00691,4,Bronze
C00692,9,Silver
C00693,3,Gold
C00694,6,Bronze
C00695,4,Gold
C00696,3,Silver
C00697,3,Silver
C00698,4,Silver
C00699,7,Gold
C00700,3,Silver
C00701,3,Silver
C00702,7,Bronze
C00703,7,Gold
C00704,4,Bronze
C00705,7,Silver
C00706,1,Bronze
C00707,2,Gold
C00708,5,Bronze
C00709,4,Silver
C00710,5,Bronze
C00711,5,Bronze
C00712,3,Bronze
C00713,4,Silver
C00714,5,Bronze
C00715,6,Silver
C00716,3,Bronze
C00717,1,Bronze
C00718,3,Gold
C00719,6,Bronze
C00720,6,Gold
C00721,3,Bronze
C00722,11,Silver
C00723,2,Silver
C00724,7,Bronze
C00725,4,Silver
C00726,9,Bronze
C00727,8,Gold
C00728,5,Silver
C00729,4,Bronze
C00730,3,Bronze
C00731,2,Silver
C00732,4,Bronze
C00733,5,Silver
C00734,3,Bronze
C00735,5,Silver
C00736,4,Bronze
C00737,5,Bronze
C00738,6,Bronze
C00739,3,Silver
C00740,4,Gold
C00741,7,Silver
C00742,4,Bronze
C00743,7,Silver
C00744,15,Bronze
C00745,2,Gold
C00746,6,Silver
C00747,5,Bronze
C00748,2,Silver
C00749,2,Silver
C00750,4,Bronze
C00751,4,Bronze
C00752,4,Silver
C00753,6,Silver
C00754,5,Silver
C00755,3,Bronze
C00756,5,Bronze
C00757,7,Bronze
C00758,1,Silver
C00759,6,Gold
C00760,6,Bronze
C00761,6,Bronze
C00762,8,Gold
C00763,4,Bronze
C00764,1,Silver
C00765,5,Bronze
C00766,7,Bronze
C00767,5,Bronze
C00768,7,Bronze
C00769,4,Silver
C00770,4,Silver
C00771,5,Bronze
C00772,6,Bronze
C00773,5,Silver
C00774,6,Bronze
C00775,6,Bronze
C00776,6,Bronze
C00777,5,Silver
C00778,6,Gold
C00779,3,Silver
C00780,3,Silver
C00781,3,Gold
C00782,3,Bronze
C00783,3,Bronze
C00785,2,Silver
C00786,2,Bronze
C00787,2,Bronze
C00788,7,Bronze
C00789,4,Bronze
C00790,6,Bronze
C00791,8,Bronze
C00792,4,Silver
C00793,6,Gold
C00794,7,Silver
C00795,4,Silver
C00796,5,Bronze
C00797,7,Bronze
C00798,5,Gold
C00799,2,Gold
C00800,2,Bronze
C00801,2,Silver
C00802,6,Silver
C00803,7,Silver
C00804,5,Bronze
C00805,5,Bronze
C00806,2,Bronze
C00807,1,Bronze
C00808,4,Gold
C00809,10,Gold
C00810,6,Silver
C00811,2,Gold
C00812,4,Silver
C00813,2,Silver
C00814,3,Bronze
C00815,4,Bronze
C00816,1,Bronze
C00817,3,Silver
C00818,6,Bronze
C00819,8,Bronze
C00820,3,Gold
C00821,5,Bronze
C00822,2,Bronze
C00823,6,Bronze
C00824,5,Silver
C00825,3,Silver
C00826,2,Bronze
C00827,2,Bronze
C00828,2,Silver
C00829,4,Silver
C00830,4,Bronze
C00831,5,Bronze
C00832,2,Silver
C00833,3,Bronze
C00834,3,Bronze
C00835,5,Bronze
C00836,7,Bronze
C00837,4,Silver
C00838,3,Bronze
C00839,7,Bronze
C00840,6,Bronze
C00841,6,Silver
C00842,5,Bronze
C00843,5,Silver
C00844,7,Gold
C00845,8,Silver
C00846,8,Silver
C00847,6,Gold
C00848,6,Gold
C00849,7,Bronze
C00850,6,Bronze
C00851,6,Gold
C00852,4,Bronze
C00853,2,Gold
C00854,1,Silver
C00855,4,Bronze
C00856,3,Bronze
C00857,4,Silver
C00858,6,Bronze
C00859,3,Silver
C00860,6,Bronze
C00861,6,Silver
C00862,4,Silver
C00863,6,Bronze
C00864,5,Bronze
C00865,3,Bronze
C00866,3,Silver
C00867,5,Bronze
C00868,3,Gold
C00869,6,Silver
C00870,7,Silver
C00871,7,Gold
C00872,6,Bronze
C00873,6,Bronze
C00874,6,Silver
C00875,2,Gold
C00876,7,Bronze
C00877,4,Silver
C00878,7,Bronze
C00879,7,Silver
C00880,5,Bronze
C00881,5,Bronze
C00882,4,Bronze
C00883,5,Bronze
C00884,5,Bronze
C00885,6,Bronze
C00886,6,Silver
C00887,7,Bronze
C00888,5,Gold
C00889,3,Bronze
C00890,4,Bronze
C00891,5,Silver
C00892,3,Silver
C00893,6,Silver
C00894,4,Gold
C00895,6,Bronze
C00896,4,Silver
C00897,5,Bronze
C00898,1,Gold
C00899,6,Bronze
C00900,3,Bronze
C00901,3,Bronze
C00902,4,Silver
C00903,4,Bronze
C00904,8,Gold
C00905,7,Bronze
C00906,5,Silver
C00907,8,Silver
C00908,5,Silver
C00909,5,Silver
C00910,8,Bronze
C00911,4,Bronze
C00912,7,Bronze
C00913,7,Gold
C00914,6,Bronze
C00915,6,Bronze
C00916,4,Bronze
C00917,4,Bronze
C00918,4,Bronze
C00919,4,Bronze
C00920,2,Bronze
C00921,3,Gold
C00922,3,Bronze
C00923,1,Silver
C00924,4,Bronze
C00925,3,Bronze
C00926,3,Gold
C00927,1,Bronze
C00928,7,Silver
C00929,6,Gold
C00930,4,Silver
C00931,4,Bronze
C00932,10,Silver
C00933,6,Gold
C00934,3,Silver
C00935,6,Gold
C00936,9,Gold
C00937,8,Gold
C00938,4,Silver
C00939,2,Silver
C00940,7,Silver
C00941,6,Silver
C00942,6,Silver
C00943,6,Gold
C00944,2,Bronze
C00945,4,Bronze
C00946,6,Silver
C00947,6,Bronze
C00948,6,Bronze
C00949,9,Silver
C00950,5,Silver
C00951,3,Bronze
C00952,9,Bronze
C00953,8,Bronze
C00954,4,Gold
C00955,4,Bronze
C00956,5,Bronze
C00957,1,Bronze
C00958,4,Bronze
C00959,3,Bronze
C00960,7,Silver
C00961,6,Gold
C00962,2,Bronze
C00963,3,Silver
C00964,7,Silver
C00965,4,Bronze
C00966,4,Silver
C00967,8,Silver
C00968,10,Bronze
C00969,3,Gold
C00970,8,Silver
C00971,6,Silver
C00972,6,Silver
C00973,10,Bronze
C00974,8,Bronze
C00975,5,Bronze
C00976,10,Silver
C00977,8,Gold
C00978,4,Silver
C00979,3,Gold
C00980,7,Bronze
C00981,2,Gold
C00982,5,Silver
C00983,5,Gold
C00984,2,Gold
C00985,4,Bronze
C00986,7,Silver
C00987,8,Bronze
C00988,5,Silver
C00989,6,Silver
C00990,7,Silver
C00991,3,Bronze
C00992,1,Gold
C00993,3,Bronze
C00994,5,Bronze
C00995,4,Bronze
C00996,1,Bronze
C00997,6,Silver
C00998,7,Silver
C00999,9,Bronze
C01000,4,Gold
C01001,3,Gold
C01002,2,Bronze
C01003,6,Bronze
C01004,6,Silver
C01005,6,Bronze
C01006,7,Silver
C01007,6,Silver
C01008,3,Bronze
C01009,5,Silver
C01010,7,Bronze
C01011,10,Bronze
C01012,7,Bronze
C01013,6,Silver
C01014,2,Silver
C01015,7,Bronze
C01016,5,Bronze
C01017,5,Silver
C01018,7,Gold
C01019,6,Silver
C01020,2,Bronze
C01021,7,Bronze
C01022,4,Silver
C01023,6,Bronze
C01024,5,Gold
C01025,4,Bronze
C01026,2,Gold
C01027,4,Bronze
C01028,3,Silver
C01029,3,Gold
C01030,6,Bronze
C01031,2,Silver
C01032,6,Bronze
C01033,4,Silver
C01034,4,Silver
C01035,7,Silver
C01036,7,Bronze
C01037,4,Bronze
C01038,4,Gold
C01039,3,Bronze
C01040,9,Silver
C01041,5,Silver
C01042,6,Silver
C01043,5,Silver
C01044,9,Gold
C01045,4,Silver
C01046,5,Bronze
C01047,5,Bronze
C01048,6,Silver
C01049,5,Gold
C01050,7,Silver
C01051,8,Bronze
C01052,3,Bronze
C01053,5,Silver
C01054,5,Bronze
C01055,2,Bronze
C01056,5,Silver
C01057,6,Bronze
C01058,2,Gold
C01059,6,Gold
C01060,4,Bronze
C01061,4,Gold
C01062,6,Bronze
C01063,7,Silver
C01064,6,Bronze
C01065,5,Bronze
C01066,4,Bronze
C01067,9,Bronze
C01068,4,Silver
C01069,6,Silver
C01070,3,Bronze
C01071,6,Silver
C01072,1,Silver
C01073,1,Bronze
C01074,5,Bronze
C01075,4,Gold
C01076,3,Bronze
C01077,5,Bronze
C01078,5,Gold
C01079,4,Silver
C01080,7,Bronze
C01081,4,Bronze
C01082,5,Bronze
C01083,5,Silver
C01084,6,Bronze
C01085,7,Bronze
C01086,6,Gold
C01087,5,Bronze
C01088,4,Bronze
C01089,4,Bronze
C01090,4,Bronze
C01091,5,Silver
C01092,3,Silver
C01093,7,Bronze
C01094,4,Bronze
C01095,5,Bronze
C01096,4,Bronze
C01097,10,Silver
C01098,5,Silver
C01099,2,Bronze
C01100,3,Silver
C01101,8,Silver
C01102,4,Silver
C01103,5,Gold
C01104,4,Silver
C01105,4,Bronze
C01106,3,Silver
C01107,4,Gold
C01108,4,Silver
C01109,2,Silver
C01110,4,Silver
C01111,9,Silver
C01112,3,Bronze
C01113,4,Bronze
C01114,2,Gold
C01115,2,Silver
C01116,5,Silver
C01117,5,Gold
C01118,1,Bronze
C01119,5,Bronze
C01120,8,Silver
C01121,8,Bronze
C01122,3,Silver
C01123,5,Bronze
C01124,6,Silver
C01125,4,Gold
C01126,6,Bronze
C01127,12,Bronze
C01128,7,Bronze
C01129,3,Bronze
C01130,4,Bronze
C01131,2,Gold
C01132,5,Gold
C01133,6,Bronze
C01134,6,Bronze
C01135,4,Bronze
C01136,4,Bronze
C01137,3,Bronze
C01138,5,Bronze
C01139,4,Bronze
C01140,6,Bronze
C01141,6,Bronze
C01142,10,Bronze
C01143,8,Silver
C01145,4,Bronze
C01146,6,Bronze
C01147,7,Bronze
C01148,4,Silver
C01149,6,Gold
C01150,4,Bronze
C01151,3,Bronze
C01152,6,Gold
C01153,4,Silver
C01154,6,Bronze
C01155,5,Silver
C01156,5,Bronze
C01157,5,Bronze
C01158,5,Bronze
C01159,1,Bronze
C01160,3,Bronze
C01161,4,Silver
C01162,3,Bronze
C01163,2,Bronze
C01164,9,Bronze
C01165,4,Bronze
C01166,5,Bronze
C01167,4,Silver
C01168,6,Bronze
C01169,5,Bronze
C01170,6,Bronze
C01171,12,Bronze
C01172,6,Silver
C01173,3,Bronze
C01174,5,Bronze
C01175,5,Gold
C01176,2,Gold
C01177,7,Silver
C01178,4,Silver
C01179,8,Bronze
C01180,4,Gold
C01181,5,Silver
C01182,6,Bronze
C01183,5,Bronze
C01184,4,Silver
C01185,5,Bronze
C01186,8,Silver
C01187,7,Gold
C01188,7,Gold
C01189,5,Silver
C01190,3,Silver
C01191,4,Bronze
C01192,4,Silver
C01193,3,Bronze
C01194,7,Bronze
C01195,7,Silver
C01196,2,Bronze
C01197,5,Bronze
C01198,7,Silver
C01199,5,Bronze
C01200,7,Bronze
C01201,4,Gold
C01202,3,Bronze
C01203,4,Silver
C01204,6,Bronze
C01205,8,Bronze
C01206,4,Bronze
C01207,1,Gold
C01208,8,Silver
C01209,5,Bronze
C01210,2,Bronze
C01211,5,Bronze
C01212,6,Silver
C01213,3,Bronze
C01214,9,Silver
C01215,3,Bronze
C01216,4,Bronze
C01217,6,Bronze
C01218,5,Silver
C01219,8,Bronze
C01220,4,Silver
C01221,10,Silver
C01222,4,Bronze
C01223,5,Bronze
C01224,6,Silver
C01225,4,Bronze
C01226,3,Silver
C01227,6,Gold
C01228,3,Bronze
C01229,8,Bronze
C01230,4,Bronze
C01231,1,Bronze
C01232,3,Bronze
C01233,3,Bronze
C01234,4,Bronze
C01235,1,Gold
C01236,9,Silver
C01237,4,Bronze
C01238,6,Bronze
C01239,4,Silver
C01240,8,Silver
C01241,4,Bronze
C01242,2,Silver
C01243,4,Gold
C01244,5,Bronze
C01245,3,Silver
C01246,8,Silver
C01247,5,Bronze
C01248,7,Bronze
C01249,5,Gold
C01250,5,Bronze
C01251,5,Bronze
C01252,6,Bronze
C01253,6,Silver
C01254,3,Bronze
C01255,4,Bronze
C01256,4,Bronze
C01257,1,Gold
C01258,7,Bronze
C01259,2,Bronze
C01260,3,Silver
C01261,3,Bronze
C01262,8,Bronze
C01263,2,Bronze
C01264,12,Silver
C01265,4,Silver
C01266,7,Gold
C01267,6,Silver
C01268,3,Silver
C01269,4,Gold
C01270,5,Silver
C01271,5,Bronze
C01272,2,Silver
C01273,5,Gold
C01274,1,Bronze
C01275,6,Bronze
C01276,10,Silver
C01277,3,Bronze
C01278,8,Bronze
C01279,7,Bronze
C01281,6,Bronze
C01282,7,Gold
C01283,3,Silver
C01284,6,Silver
C01285,9,Silver
C01286,3,Bronze
C01287,4,Gold
C01288,6,Silver
C01289,6,Gold
C01290,5,Bronze
C01291,6,Gold
C01292,3,Silver
C01293,5,Silver
C01294,5,Silver
C01295,4,Bronze
C01296,4,Bronze
C01297,7,Gold
C01298,3,Gold
C01299,2,Gold
C01300,6,Silver
C01301,11,Silver
C01302,4,Bronze
C01303,4,Bronze
C01304,8,Bronze
C01305,2,Bronze
C01306,5,Bronze
C01307,2,Bronze
C01308,4,Gold
C01309,6,Gold
C01310,7,Silver
C01311,9,Silver
C01312,5,Silver
C01313,2,Bronze
C01314,2,Bronze
C01315,4,Silver
C01316,3,Silver
C01317,7,Bronze
C01318,9,Silver
C01319,8,Silver
C01320,3,Gold
C01321,2,Silver
C01322,9,Silver
C01323,9,Gold
C01324,2,Bronze
C01325,7,Silver
C01326,6,Silver
C01327,4,Bronze
C01328,3,Bronze
C01329,4,Bronze
C01330,8,Gold
C01331,6,Silver
C01332,2,Bronze
C01333,7,Bronze
C01334,4,Bronze
C01335,5,Gold
C01336,4,Bronze
C01337,7,Bronze
C01338,5,Bronze
C01339,4,Bronze
C01340,6,Bronze
C01341,3,Bronze
C01342,5,Silver
C01343,7,Bronze
C01344,2,Bronze
C01345,6,Silver
C01346,3,Bronze
C01347,9,Silver
C01348,5,Silver
C01349,5,Silver
C01350,6,Silver
C01351,7,Gold
C01352,3,Bronze
C01353,7,Bronze
C01354,6,Silver
C01355,7,Silver
C01356,4,Bronze
C01357,8,Bronze
C01358,11,Gold
C01359,6,Bronze
C01360,11,Bronze
C01361,8,Silver
C01362,4,Silver
C01363,5,Bronze
C01364,4,Bronze
C01365,4,Silver
C01366,4,Gold
C01367,6,Bronze
C01368,4,Gold
C01369,5,Silver
C01370,7,Gold
C01371,3,Bronze
C01372,5,Gold
C01373,3,Bronze
C01374,4,Silver
C01375,2,Gold
C01376,6,Silver
C01377,8,Silver
C01378,3,Silver
C01379,5,Gold
C01380,4,Silver
C01381,2,Gold
C01382,8,Bronze
C01383,4,Bronze
C01384,9,Silver
C01385,4,Silver
C01386,5,Bronze
C01387,5,Bronze
C01388,2,Bronze
C01389,6,Gold
C01390,3,Bronze
C01391,8,Silver
C01392,5,Silver
C01393,5,Bronze
C01394,3,Bronze
C01395,8,Silver
C01396,6,Bronze
C01397,5,Bronze
C01398,4,Silver
C01399,6,Bronze
C01400,8,Silver
C01401,9,Gold
C01402,5,Gold
C01403,6,Bronze
C01404,5,Bronze
C01405,4,Gold
C01406,3,Bronze
C01407,3,Silver
C01408,4,Silver
C01409,11,Silver
C01410,5,Bronze
C01411,9,Bronze
C01412,5,Silver
C01413,6,Bronze
C01414,9,Bronze
C01415,7,Bronze
C01416,5,Silver
C01417,5,Bronze
C01418,7,Gold
C01419,5,Silver
C01420,7,Silver
C01421,8,Gold
C01422,6,Silver
C01423,4,Bronze
C01424,3,Silver
C01425,5,Bronze
C01426,6,Bronze
C01427,5,Bronze
C01428,3,Silver
C01429,3,Silver
C01430,7,Bronze
C01431,3,Bronze
C01432,5,Silver
C01433,2,Gold
C01434,6,Bronze
C01435,3,Bronze
C01436,5,Bronze
C01437,1,Silver
C01438,6,Bronze
C01439,5,Silver
C01440,3,Silver
C01441,5,Silver
C01442,5,Bronze
C01443,8,Bronze
C01444,7,Bronze
C01445,4,Gold
C01446,1,Bronze
C01447,6,Bronze
C01448,6,Silver
C01449,4,Silver
C01450,4,Silver
C01451,2,Gold
C01452,3,Gold
C01453,9,Gold
C01454,7,Gold
C01455,2,Gold
C01456,2,Silver
C01457,5,Bronze
C01458,4,Silver
C01459,7,Silver
C01460,6,Gold
C01461,9,Bronze
C01462,7,Bronze
C01463,2,Gold
C01465,5,Bronze
C01466,6,Bronze
C01467,3,Silver
C01468,4,Bronze
C01469,1,Gold
C01470,5,Silver
C01471,6,Silver
C01472,6,Silver
C01473,5,Silver
C01474,5,Silver
C01475,5,Silver
C01476,6,Gold
C01477,1,Silver
C01478,5,Silver
C01479,3,Silver
C01480,7,Gold
C01481,10,Silver
C01482,4,Bronze
C01483,6,Bronze
C01484,4,Gold
C01485,3,Silver
C01486,7,Bronze
C01487,6,Bronze
C01488,5,Silver
C01489,2,Bronze
C01490,5,Bronze
C01491,5,Bronze
C01492,5,Bronze
C01493,4,Bronze
C01494,5,Gold
C01495,5,Gold
C01496,4,Silver
C01497,1,Silver
C01498,5,Silver
C01499,5,Bronze
C01500,2,Bronze
C01501,4,Bronze
C01502,9,Gold
C01503,4,Silver
C01504,3,Silver
C01505,8,Silver
C01506,6,Gold
C01507,3,Silver
C01508,7,Silver
C01509,4,Silver
C01510,8,Bronze
C01511,6,Gold
C01512,6,Silver
C01513,7,Bronze
C01514,7,Silver
C01515,1,Silver
C01516,1,Bronze
C01517,8,Silver
C01518,4,Silver
C01519,7,Bronze
C01520,5,Bronze
C01521,5,Silver
C01522,7,Silver
C01523,7,Gold
C01524,3,Bronze
C01525,5,Silver
C01526,8,Bronze
C01527,4,Bronze
C01528,4,Silver
C01529,2,Bronze
C01530,7,Bronze
C01531,2,Bronze
C01532,2,Gold
C01533,5,Bronze
C01534,7,Silver
C01535,5,Silver
C01536,5,Bronze
C01537,3,Bronze
C01538,4,Silver
C01539,2,Gold
C01540,4,Bronze
C01541,4,Bronze
C01542,4,Gold
C01543,4,Bronze
C01544,8,Bronze
C01545,7,Bronze
C01546,5,Bronze
C01547,6,Bronze
C01548,6,Gold
C01549,5,Bronze
C01550,3,Bronze
C01551,7,Bronze
C01552,7,Bronze
C01553,2,Gold
C01554,8,Bronze
C01555,6,Silver
C01556,3,Bronze
C01557,8,Bronze
C01558,8,Gold
C01559,3,Bronze
C01560,8,Silver
C01561,4,Silver
C01562,5,Bronze
C01563,5,Silver
C01564,4,Bronze
C01565,8,Gold
C01566,6,Silver
C01567,5,Silver
C01568,8,Gold
C01569,8,Bronze
C01570,4,Bronze
C01571,6,Bronze
C01572,8,Bronze
C01573,4,Bronze
C01574,6,Bronze
C01575,6,Bronze
C01576,8,Silver
C01577,6,Bronze
C01578,5,Silver
C01579,7,Gold
C01580,5,Silver
C01581,3,Silver
C01582,8,Gold
C01583,8,Bronze
C01584,7,Bronze
C01585,7,Silver
C01586,5,Bronze
C01587,9,Bronze
C01588,7,Bronze
C01589,10,Silver
C01590,7,Silver
C01591,7,Bronze
C01592,3,Bronze
C01593,5,Silver
C01594,6,Silver
C01595,3,Bronze
C01596,4,Bronze
C01597,7,Bronze
C01598,3,Bronze
C01599,3,Silver
C01600,5,Silver
C01601,2,Bronze
C01602,3,Bronze
C01603,4,Gold
C01604,2,Silver
C01605,2,Bronze
C01606,3,Silver
C01607,6,Bronze
C01608,8,Silver
C01609,9,Silver
C01610,7,Bronze
C01611,2,Gold
C01612,4,Silver
C01613,10,Bronze
C01614,6,Silver
C01615,6,Bronze
C01616,3,Bronze
C01617,1,Silver
C01619,4,Gold
C01620,2,Gold
C01621,2,Bronze
C01622,7,Bronze
C01623,4,Silver
C01624,5,Bronze
C01625,6,Bronze
C01626,4,Silver
C01627,9,Gold
C01628,3,Silver
C01629,3,Bronze
C01630,10,Silver
C01631,8,Silver
C01632,5,Silver
C01633,2,Bronze
C01634,3,Gold
C01635,7,Bronze
C01636,5,Bronze
C01637,7,Bronze
C01638,6,Bronze
C01639,3,Silver
C01640,5,Bronze
C01641,2,Gold
C01642,7,Gold
C01643,4,Silver
C01644,9,Gold
C01645,8,Bronze
C01646,9,Gold
C01647,3,Bronze
C01648,2,Bronze
C01649,10,Gold
C01650,2,Bronze
C01651,4,Silver
C01652,5,Bronze
C01653,3,Bronze
C01654,1,Bronze
C01655,4,Bronze
C01656,6,Bronze
C01657,2,Gold
C01658,6,Bronze
C01659,7,Bronze
C01660,7,Gold
C01661,8,Silver
C01662,8,Silver
C01663,4,Silver
C01664,4,Bronze
C01665,10,Silver
C01666,2,Bronze
C01667,4,Silver
C01668,5,Bronze
C01669,4,Silver
C01671,4,Bronze
C01672,4,Bronze
C01673,5,Bronze
C01674,5,Silver
C01675,6,Silver
C01676,4,Bronze
C01677,5,Bronze
C01678,3,Bronze
C01679,6,Silver
C01680,2,Bronze
C01681,6,Bronze
C01682,3,Bronze
C01683,8,Silver
C01684,6,Bronze
C01685,2,Bronze
C01686,3,Bronze
C01687,2,Bronze
C01688,5,Bronze
C01689,7,Silver
C01690,9,Silver
C01691,6,Silver
C01692,4,Bronze
C01693,5,Bronze
C01694,2,Bronze
C01695,6,Silver
C01696,8,Bronze
C01697,8,Silver
C01698,5,Bronze
C01699,4,Bronze
C01700,4,Silver
C01701,5,Gold
C01702,5,Bronze
C01703,4,Bronze
C01704,3,Gold
C01705,5,Gold
C01706,2,Bronze
C01707,6,Bronze
C01708,4,Bronze
C01709,3,Silver
C01710,4,Bronze
C01711,3,Bronze
C01712,4,Gold
C01713,10,Silver
C01714,7,Bronze
C01715,7,Bronze
C01716,4,Bronze
C01717,5,Bronze
C01718,6,Bronze
C01719,6,Bronze
C01720,6,Silver
C01721,4,Bronze
C01722,5,Bronze
C01723,5,Bronze
C01724,2,Gold
C01725,4,Bronze
C01726,3,Bronze
C01727,5,Silver
C01728,6,Bronze
C01729,2,Gold
C01730,4,Bronze
C01731,6,Bronze
C01732,5,Silver
C01733,7,Silver
C01734,6,Silver
C01735,4,Silver
C01736,5,Bronze
C01737,7,Silver
C01738,3,Silver
C01739,6,Silver
C01740,5,Bronze
C01741,6,Bronze
C01742,6,Silver
C01743,6,Bronze
C01744,4,Gold
C01745,5,Bronze
C01746,7,Silver
C01747,1,Gold
C01748,2,Silver
C01749,4,Silver
C01750,6,Silver
C01751,3,Silver
C01752,4,Bronze
C01753,4,Silver
C01754,4,Silver
C01755,3,Gold
C01756,2,Bronze
C01757,2,Gold
C01758,4,Bronze
C01759,7,Bronze
C01760,9,Bronze
C01761,4,Bronze
C01762,7,Gold
C01763,6,Gold
C01764,3,Gold
C01765,2,Silver
C01766,4,Bronze
C01767,2,Gold
C01768,4,Silver
C01769,8,Bronze
C01770,3,Silver
C01771,4,Silver
C01772,8,Bronze
C01773,7,Bronze
C01774,5,Gold
C01775,6,Bronze
C01776,6,Bronze
C01777,6,Silver
C01778,5,Bronze
C01779,8,Silver
C01780,7,Bronze
C01781,9,Bronze
C01782,5,Bronze
C01783,6,Bronze
C01784,8,Bronze
C01785,3,Bronze
C01786,3,Bronze
C01787,7,Silver
C01789,7,Bronze
C01790,9,Bronze
C01791,5,Gold
C01792,8,Silver
C01793,5,Gold
C01795,4,Silver
C01796,3,Bronze
C01797,8,Bronze
C01798,6,Silver
C01799,2,Gold
C01800,7,Bronze
C01801,8,Gold
C01802,2,Silver
C01803,9,Silver
C01804,3,Silver
C01805,9,Bronze
C01806,3,Bronze
C01807,7,Silver
C01808,6,Bronze
C01809,3,Bronze
C01810,9,Bronze
C01811,7,Silver
C01812,5,Bronze
C01813,6,Bronze
C01814,5,Silver
C01815,2,Bronze
C01816,3,Silver
C01817,1,Bronze
C01818,6,Gold
C01819,5,Bronze
C01820,5,Gold
C01821,6,Bronze
C01822,5,Bronze
C01823,2,Bronze
C01824,6,Bronze
C01825,4,Gold
C01826,4,Silver
C01827,3,Gold
C01828,2,Silver
C01829,6,Bronze
C01830,4,Gold
C01831,2,Bronze
C01832,8,Bronze
C01833,5,Bronze
C01834,5,Bronze
C01835,3,Bronze
C01836,6,Bronze
C01837,5,Bronze
C01838,8,Bronze
C01839,8,Silver
C01840,6,Silver
C01841,7,Gold
C01842,3,Gold
C01843,4,Bronze
C01844,3,Bronze
C01845,9,Bronze
C01846,7,Bronze
C01847,6,Silver
C01848,4,Bronze
C01849,5,Silver
C01850,4,Bronze
C01851,2,Gold
C01852,6,Bronze
C01853,7,Bronze
C01854,6,Bronze
C01855,6,Gold
C01856,5,Gold
C01857,5,Silver
C01858,5,Silver
C01859,3,Silver
C01860,4,Gold
C01861,4,Bronze
C01862,6,Bronze
C01863,8,Bronze
C01864,5,Bronze
C01865,5,Bronze
C01866,3,Gold
C01867,3,Silver
C01868,7,Bronze
C01869,4,Silver
C01870,4,Gold
C01871,5,Bronze
C01872,3,Bronze
C01873,7,Gold
C01874,7,Bronze
C01875,4,Gold
C01876,5,Silver
C01877,4,Silver
C01878,2,Silver
C01879,5,Silver
C01880,3,Silver
C01881,6,Gold
C01882,4,Silver
C01883,3,Bronze
C01884,5,Bronze
C01885,8,Bronze
C01886,5,Silver
C01887,8,Bronze
C01888,2,Bronze
C01889,3,Silver
C01890,5,Silver
C01891,2,Bronze
C01892,4,Gold
C01893,5,Silver
C01894,2,Gold
C01895,5,Silver
C01896,7,Gold
C01897,6,Bronze
C01898,5,Gold
C01900,5,Gold
C01901,3,Silver
C01902,4,Bronze
C01903,8,Silver
C01904,5,Silver
C01905,6,Silver
C01906,6,Gold
C01907,10,Gold
C01908,3,Bronze
C01909,1,Gold
C01910,3,Bronze
C01911,4,Silver
C01912,6,Bronze
C01913,7,Silver
C01914,8,Bronze
C01915,3,Bronze
C01916,5,Silver
C01917,4,Silver
C01918,3,Bronze
C01919,3,Silver
C01920,5,Gold
C01921,4,Silver
C01922,3,Silver
C01923,2,Silver
C01924,4,Bronze
C01925,5,Silver
C01926,7,Bronze
C01927,6,Silver
C01928,4,Bronze
C01929,9,Gold
C01930,5,Bronze
C01931,6,Bronze
C01932,4,Silver
C01933,5,Bronze
C01934,9,Bronze
C01935,6,Bronze
C01936,6,Gold
C01937,5,Silver
C01938,2,Silver
C01939,6,Bronze
C01940,9,Silver
C01941,3,Bronze
C01942,7,Gold
C01943,11,Silver
C01944,10,Silver
C01945,5,Bronze
C01946,8,Bronze
C01947,4,Bronze
C01948,4,Bronze
C01949,3,Bronze
C01950,3,Gold
C01951,9,Silver
C01952,2,Silver
C01953,7,Bronze
C01954,7,Silver
C01955,7,Silver
C01956,7,Bronze
C01957,5,Bronze
C01958,8,Silver
C01959,6,Bronze
C01960,4,Gold
C01961,8,Bronze
C01962,9,Bronze
C01963,6,Silver
C01964,1,Silver
C01965,10,Bronze
C01966,2,Gold
C01967,4,Bronze
C01968,2,Silver
C01969,2,Gold
C01970,3,Gold
C01971,2,Silver
C01972,5,Gold
C01973,9,Bronze
C01974,5,Bronze
C01975,5,Bronze
C01976,4,Bronze
C01977,6,Bronze
C01978,2,Bronze
C01979,3,Silver
C01980,7,Silver
C01981,6,Bronze
C01982,4,Bronze
C01983,4,Silver
C01984,4,Bronze
C01985,7,Silver
C01986,3,Silver
C01987,7,Bronze
C01988,4,Bronze
C01989,2,Bronze
C01990,7,Silver
C01991,5,Bronze
C01992,4,Bronze
C01993,7,Bronze
C01994,5,Silver
C01995,9,Bronze
C01996,9,Gold
C01997,2,Bronze
C01998,8,Gold
C01999,5,Silver
C02000,4,Bronze
